{
"meta":{"test_sets":[],"test_metrics":[],"learn_metrics":[{"best_value":"Min","name":"Logloss"}],"launch_mode":"Train","parameters":"","iteration_count":800,"learn_sets":["learn"],"name":"experiment"},
"iterations":[
{"learn":[0.6668702393],"iteration":0,"passed_time":0.009295332784,"remaining_time":7.426970895},
{"learn":[0.6436848145],"iteration":1,"passed_time":0.01765590208,"remaining_time":7.04470493},
{"learn":[0.6230629883],"iteration":2,"passed_time":0.02596027292,"remaining_time":6.896779172},
{"learn":[0.6047640991],"iteration":3,"passed_time":0.03805469224,"remaining_time":7.572883755},
{"learn":[0.5888411865],"iteration":4,"passed_time":0.04678667666,"remaining_time":7.43908159},
{"learn":[0.5747318115],"iteration":5,"passed_time":0.05750151812,"remaining_time":7.609367565},
{"learn":[0.5621528931],"iteration":6,"passed_time":0.06501275687,"remaining_time":7.365016599},
{"learn":[0.5507657471],"iteration":7,"passed_time":0.07528790451,"remaining_time":7.453502547},
{"learn":[0.5406505127],"iteration":8,"passed_time":0.08487430022,"remaining_time":7.459507942},
{"learn":[0.5319019165],"iteration":9,"passed_time":0.09328261721,"remaining_time":7.36932676},
{"learn":[0.5239723511],"iteration":10,"passed_time":0.1035308344,"remaining_time":7.425984393},
{"learn":[0.5171451416],"iteration":11,"passed_time":0.1125536111,"remaining_time":7.391020464},
{"learn":[0.5108317566],"iteration":12,"passed_time":0.121171058,"remaining_time":7.335509436},
{"learn":[0.5053797913],"iteration":13,"passed_time":0.1288317551,"remaining_time":7.232982822},
{"learn":[0.500472229],"iteration":14,"passed_time":0.1371434109,"remaining_time":7.177171839},
{"learn":[0.4960229492],"iteration":15,"passed_time":0.1451916579,"remaining_time":7.114391237},
{"learn":[0.4921088867],"iteration":16,"passed_time":0.1576900209,"remaining_time":7.263016846},
{"learn":[0.4885826111],"iteration":17,"passed_time":0.1659922653,"remaining_time":7.211441748},
{"learn":[0.4854756775],"iteration":18,"passed_time":0.1741752093,"remaining_time":7.159517814},
{"learn":[0.4827085571],"iteration":19,"passed_time":0.1829208131,"remaining_time":7.133911709},
{"learn":[0.4801133728],"iteration":20,"passed_time":0.1904446006,"remaining_time":7.064587805},
{"learn":[0.4778587036],"iteration":21,"passed_time":0.199966202,"remaining_time":7.071532052},
{"learn":[0.4758506165],"iteration":22,"passed_time":0.2085677501,"remaining_time":7.045962688},
{"learn":[0.4741207886],"iteration":23,"passed_time":0.2182774587,"remaining_time":7.05763783},
{"learn":[0.4724550476],"iteration":24,"passed_time":0.2267899667,"remaining_time":7.030488968},
{"learn":[0.4709138794],"iteration":25,"passed_time":0.234530592,"remaining_time":6.981795317},
{"learn":[0.4695210266],"iteration":26,"passed_time":0.2415280168,"remaining_time":6.914857665},
{"learn":[0.4683498535],"iteration":27,"passed_time":0.2488760528,"remaining_time":6.861868312},
{"learn":[0.467182312],"iteration":28,"passed_time":0.2564776072,"remaining_time":6.818766729},
{"learn":[0.4661481323],"iteration":29,"passed_time":0.2661156145,"remaining_time":6.830300773},
{"learn":[0.4651780396],"iteration":30,"passed_time":0.2751388387,"remaining_time":6.825218289},
{"learn":[0.4643299866],"iteration":31,"passed_time":0.2823144187,"remaining_time":6.775546049},
{"learn":[0.4636070862],"iteration":32,"passed_time":0.2892558914,"remaining_time":6.723008142},
{"learn":[0.462899231],"iteration":33,"passed_time":0.2962554548,"remaining_time":6.67446113},
{"learn":[0.4622449646],"iteration":34,"passed_time":0.3035775892,"remaining_time":6.635338735},
{"learn":[0.4616821289],"iteration":35,"passed_time":0.3113939799,"remaining_time":6.608472241},
{"learn":[0.4611670837],"iteration":36,"passed_time":0.3196605978,"remaining_time":6.591919895},
{"learn":[0.4607247925],"iteration":37,"passed_time":0.32954042,"remaining_time":6.608152632},
{"learn":[0.4602458191],"iteration":38,"passed_time":0.3376649679,"remaining_time":6.588795913},
{"learn":[0.4597946167],"iteration":39,"passed_time":0.3470462611,"remaining_time":6.593878961},
{"learn":[0.4594242249],"iteration":40,"passed_time":0.3566063606,"remaining_time":6.601566529},
{"learn":[0.4590456238],"iteration":41,"passed_time":0.3643179599,"remaining_time":6.575071752},
{"learn":[0.4587565002],"iteration":42,"passed_time":0.3734853692,"remaining_time":6.575079639},
{"learn":[0.4583953857],"iteration":43,"passed_time":0.3859233288,"remaining_time":6.630864468},
{"learn":[0.4580958557],"iteration":44,"passed_time":0.3963041583,"remaining_time":6.6491031},
{"learn":[0.4578296509],"iteration":45,"passed_time":0.407732654,"remaining_time":6.683270024},
{"learn":[0.4575546875],"iteration":46,"passed_time":0.4170395701,"remaining_time":6.681506303},
{"learn":[0.4572991333],"iteration":47,"passed_time":0.4266278875,"remaining_time":6.683836904},
{"learn":[0.4570657349],"iteration":48,"passed_time":0.4351174634,"remaining_time":6.668841123},
{"learn":[0.4568934326],"iteration":49,"passed_time":0.4443230932,"remaining_time":6.664846398},
{"learn":[0.4567080383],"iteration":50,"passed_time":0.4557178063,"remaining_time":6.692796803},
{"learn":[0.4565273132],"iteration":51,"passed_time":0.4650523947,"remaining_time":6.689599832},
{"learn":[0.4563484497],"iteration":52,"passed_time":0.4748477123,"remaining_time":6.692664926},
{"learn":[0.4561789551],"iteration":53,"passed_time":0.4843819213,"remaining_time":6.691646542},
{"learn":[0.4560531006],"iteration":54,"passed_time":0.4929783801,"remaining_time":6.67761624},
{"learn":[0.4559105835],"iteration":55,"passed_time":0.5016021439,"remaining_time":6.664142769},
{"learn":[0.4557663879],"iteration":56,"passed_time":0.5096429324,"remaining_time":6.643240329},
{"learn":[0.4556209412],"iteration":57,"passed_time":0.5182882876,"remaining_time":6.630515679},
{"learn":[0.4555180359],"iteration":58,"passed_time":0.5259992895,"remaining_time":6.606194466},
{"learn":[0.4553814392],"iteration":59,"passed_time":0.5356544127,"remaining_time":6.606404424},
{"learn":[0.4552566528],"iteration":60,"passed_time":0.5441065614,"remaining_time":6.591717194},
{"learn":[0.455157196],"iteration":61,"passed_time":0.5534896456,"remaining_time":6.588312233},
{"learn":[0.4550559387],"iteration":62,"passed_time":0.5624081963,"remaining_time":6.579283185},
{"learn":[0.4549646606],"iteration":63,"passed_time":0.5710983751,"remaining_time":6.567631313},
{"learn":[0.4548535461],"iteration":64,"passed_time":0.5793462043,"remaining_time":6.551068617},
{"learn":[0.4547362671],"iteration":65,"passed_time":0.5904900436,"remaining_time":6.56696503},
{"learn":[0.4546511536],"iteration":66,"passed_time":0.6015134767,"remaining_time":6.580736991},
{"learn":[0.4545556335],"iteration":67,"passed_time":0.6108647622,"remaining_time":6.575779499},
{"learn":[0.4544862366],"iteration":68,"passed_time":0.6199137105,"remaining_time":6.567491629},
{"learn":[0.4544044495],"iteration":69,"passed_time":0.6282779178,"remaining_time":6.552041143},
{"learn":[0.4543346863],"iteration":70,"passed_time":0.6376385367,"remaining_time":6.547021032},
{"learn":[0.4542770691],"iteration":71,"passed_time":0.6452244852,"remaining_time":6.523936462},
{"learn":[0.4541924744],"iteration":72,"passed_time":0.6536368772,"remaining_time":6.509506983},
{"learn":[0.4541095886],"iteration":73,"passed_time":0.6620931347,"remaining_time":6.495670484},
{"learn":[0.4540246277],"iteration":74,"passed_time":0.6720896049,"remaining_time":6.496866181},
{"learn":[0.45395755],"iteration":75,"passed_time":0.6797585134,"remaining_time":6.475594259},
{"learn":[0.4538936768],"iteration":76,"passed_time":0.6877286455,"remaining_time":6.457504035},
{"learn":[0.4538276978],"iteration":77,"passed_time":0.6960067306,"remaining_time":6.442523839},
{"learn":[0.4537645874],"iteration":78,"passed_time":0.7045404519,"remaining_time":6.430046403},
{"learn":[0.4537134399],"iteration":79,"passed_time":0.7119802451,"remaining_time":6.407822206},
{"learn":[0.4536391602],"iteration":80,"passed_time":0.7200567075,"remaining_time":6.391614477},
{"learn":[0.4535852966],"iteration":81,"passed_time":0.7277360398,"remaining_time":6.372127763},
{"learn":[0.4535207825],"iteration":82,"passed_time":0.7358748749,"remaining_time":6.356895004},
{"learn":[0.4534496765],"iteration":83,"passed_time":0.7435976633,"remaining_time":6.338284845},
{"learn":[0.4533929138],"iteration":84,"passed_time":0.7507736402,"remaining_time":6.315331208},
{"learn":[0.4533556519],"iteration":85,"passed_time":0.7578574053,"remaining_time":6.291978923},
{"learn":[0.4533093872],"iteration":86,"passed_time":0.7658269527,"remaining_time":6.276259968},
{"learn":[0.4532648926],"iteration":87,"passed_time":0.7729918829,"remaining_time":6.254207052},
{"learn":[0.453208313],"iteration":88,"passed_time":0.7803510437,"remaining_time":6.23404036},
{"learn":[0.4531643372],"iteration":89,"passed_time":0.7878541436,"remaining_time":6.215293799},
{"learn":[0.4531233826],"iteration":90,"passed_time":0.794840844,"remaining_time":6.192770972},
{"learn":[0.453078064],"iteration":91,"passed_time":0.8032361268,"remaining_time":6.181425845},
{"learn":[0.4530364685],"iteration":92,"passed_time":0.8107805797,"remaining_time":6.16367602},
{"learn":[0.452978363],"iteration":93,"passed_time":0.8191961181,"remaining_time":6.152685738},
{"learn":[0.4529393005],"iteration":94,"passed_time":0.8291207832,"remaining_time":6.15294897},
{"learn":[0.4528896484],"iteration":95,"passed_time":0.8371815779,"remaining_time":6.139331571},
{"learn":[0.4528451538],"iteration":96,"passed_time":0.844045171,"remaining_time":6.117152115},
{"learn":[0.4528028564],"iteration":97,"passed_time":0.8520185964,"remaining_time":6.103235252},
{"learn":[0.4527518921],"iteration":98,"passed_time":0.8602272486,"remaining_time":6.091104053},
{"learn":[0.4527141113],"iteration":99,"passed_time":0.8674163139,"remaining_time":6.071914198},
{"learn":[0.4526722107],"iteration":100,"passed_time":0.8750841843,"remaining_time":6.056275692},
{"learn":[0.4526220703],"iteration":101,"passed_time":0.8821026578,"remaining_time":6.03634956},
{"learn":[0.4525888062],"iteration":102,"passed_time":0.8901840199,"remaining_time":6.02386662},
{"learn":[0.4525431519],"iteration":103,"passed_time":0.8970381763,"remaining_time":6.003255487},
{"learn":[0.4524935303],"iteration":104,"passed_time":0.9043113111,"remaining_time":5.985679631},
{"learn":[0.4524152527],"iteration":105,"passed_time":0.9115875414,"remaining_time":5.968318431},
{"learn":[0.4523666382],"iteration":106,"passed_time":0.9194325152,"remaining_time":5.954829281},
{"learn":[0.4523299255],"iteration":107,"passed_time":0.9267648825,"remaining_time":5.938160173},
{"learn":[0.4522789612],"iteration":108,"passed_time":0.933856677,"remaining_time":5.920137283},
{"learn":[0.4522454529],"iteration":109,"passed_time":0.9412067833,"remaining_time":5.903933459},
{"learn":[0.4522089844],"iteration":110,"passed_time":0.9487514298,"remaining_time":5.889096713},
{"learn":[0.4521637878],"iteration":111,"passed_time":0.9570591059,"remaining_time":5.879077365},
{"learn":[0.4521268311],"iteration":112,"passed_time":0.9650381615,"remaining_time":5.867090416},
{"learn":[0.4520868835],"iteration":113,"passed_time":0.9723820782,"remaining_time":5.851351804},
{"learn":[0.452058075],"iteration":114,"passed_time":0.9794389639,"remaining_time":5.83404948},
{"learn":[0.4520309448],"iteration":115,"passed_time":0.9864489489,"remaining_time":5.816647251},
{"learn":[0.4519873657],"iteration":116,"passed_time":0.9934630645,"remaining_time":5.799446778},
{"learn":[0.4519510498],"iteration":117,"passed_time":1.001149226,"remaining_time":5.786303151},
{"learn":[0.4519088135],"iteration":118,"passed_time":1.008163434,"remaining_time":5.769405871},
{"learn":[0.4518772888],"iteration":119,"passed_time":1.015590866,"remaining_time":5.755014906},
{"learn":[0.4518536987],"iteration":120,"passed_time":1.022525584,"remaining_time":5.737974146},
{"learn":[0.4518275146],"iteration":121,"passed_time":1.030235303,"remaining_time":5.725406031},
{"learn":[0.451795166],"iteration":122,"passed_time":1.037548242,"remaining_time":5.710733006},
{"learn":[0.4517525635],"iteration":123,"passed_time":1.044990825,"remaining_time":5.696885465},
{"learn":[0.4517229614],"iteration":124,"passed_time":1.052332492,"remaining_time":5.682595454},
{"learn":[0.451652832],"iteration":125,"passed_time":1.059437673,"remaining_time":5.667150728},
{"learn":[0.4516242371],"iteration":126,"passed_time":1.0672041,"remaining_time":5.65534141},
{"learn":[0.451574585],"iteration":127,"passed_time":1.075618747,"remaining_time":5.646998421},
{"learn":[0.451531189],"iteration":128,"passed_time":1.082789729,"remaining_time":5.632185336},
{"learn":[0.4514939575],"iteration":129,"passed_time":1.08999356,"remaining_time":5.617659119},
{"learn":[0.45145755],"iteration":130,"passed_time":1.096970446,"remaining_time":5.602085711},
{"learn":[0.4514391785],"iteration":131,"passed_time":1.104558903,"remaining_time":5.58973748},
{"learn":[0.4513978577],"iteration":132,"passed_time":1.111814416,"remaining_time":5.575791092},
{"learn":[0.4513563232],"iteration":133,"passed_time":1.119077268,"remaining_time":5.561981049},
{"learn":[0.4513349915],"iteration":134,"passed_time":1.126059884,"remaining_time":5.546887576},
{"learn":[0.4512876282],"iteration":135,"passed_time":1.133141587,"remaining_time":5.53239716},
{"learn":[0.451261261],"iteration":136,"passed_time":1.140541449,"remaining_time":5.519554604},
{"learn":[0.4512297974],"iteration":137,"passed_time":1.147797279,"remaining_time":5.506099988},
{"learn":[0.4512057495],"iteration":138,"passed_time":1.15532132,"remaining_time":5.49401002},
{"learn":[0.4511694336],"iteration":139,"passed_time":1.162189696,"remaining_time":5.478894281},
{"learn":[0.4511338501],"iteration":140,"passed_time":1.16940824,"remaining_time":5.465532129},
{"learn":[0.4510942688],"iteration":141,"passed_time":1.176764169,"remaining_time":5.452893122},
{"learn":[0.4510600281],"iteration":142,"passed_time":1.183959921,"remaining_time":5.439592085},
{"learn":[0.4510152588],"iteration":143,"passed_time":1.191566148,"remaining_time":5.428245785},
{"learn":[0.450990448],"iteration":144,"passed_time":1.198470275,"remaining_time":5.413779519},
{"learn":[0.4509686279],"iteration":145,"passed_time":1.205928634,"remaining_time":5.401899496},
{"learn":[0.450928772],"iteration":146,"passed_time":1.212844091,"remaining_time":5.38766797},
{"learn":[0.4508948975],"iteration":147,"passed_time":1.220023171,"remaining_time":5.374696671},
{"learn":[0.450854126],"iteration":148,"passed_time":1.227310387,"remaining_time":5.362275583},
{"learn":[0.4508200378],"iteration":149,"passed_time":1.235184854,"remaining_time":5.352467699},
{"learn":[0.4507839661],"iteration":150,"passed_time":1.242965871,"remaining_time":5.342283778},
{"learn":[0.4507619629],"iteration":151,"passed_time":1.250120574,"remaining_time":5.329461394},
{"learn":[0.450729248],"iteration":152,"passed_time":1.257822704,"remaining_time":5.319028037},
{"learn":[0.4507006836],"iteration":153,"passed_time":1.264708769,"remaining_time":5.305206915},
{"learn":[0.4506737061],"iteration":154,"passed_time":1.271924364,"remaining_time":5.292846549},
{"learn":[0.4506492615],"iteration":155,"passed_time":1.27923572,"remaining_time":5.28094746},
{"learn":[0.4506200256],"iteration":156,"passed_time":1.286457413,"remaining_time":5.268739597},
{"learn":[0.4505994263],"iteration":157,"passed_time":1.293987283,"remaining_time":5.25784706},
{"learn":[0.4505696106],"iteration":158,"passed_time":1.301678577,"remaining_time":5.247647595},
{"learn":[0.4505388489],"iteration":159,"passed_time":1.309213409,"remaining_time":5.236853634},
{"learn":[0.4505120239],"iteration":160,"passed_time":1.316388959,"remaining_time":5.224674191},
{"learn":[0.4504794617],"iteration":161,"passed_time":1.323893578,"remaining_time":5.213852487},
{"learn":[0.45045755],"iteration":162,"passed_time":1.330917075,"remaining_time":5.201191268},
{"learn":[0.4504320679],"iteration":163,"passed_time":1.338578612,"remaining_time":5.191073153},
{"learn":[0.4503986511],"iteration":164,"passed_time":1.346774714,"remaining_time":5.183042079},
{"learn":[0.450367981],"iteration":165,"passed_time":1.355110959,"remaining_time":5.175544264},
{"learn":[0.4503396606],"iteration":166,"passed_time":1.362335226,"remaining_time":5.163821545},
{"learn":[0.4502929688],"iteration":167,"passed_time":1.369890389,"remaining_time":5.153397177},
{"learn":[0.4502714844],"iteration":168,"passed_time":1.377277438,"remaining_time":5.142379074},
{"learn":[0.4502433472],"iteration":169,"passed_time":1.384718568,"remaining_time":5.131604105},
{"learn":[0.4502104492],"iteration":170,"passed_time":1.392198437,"remaining_time":5.121010623},
{"learn":[0.4501873474],"iteration":171,"passed_time":1.399592427,"remaining_time":5.110139791},
{"learn":[0.4501660156],"iteration":172,"passed_time":1.40696044,"remaining_time":5.099215004},
{"learn":[0.4501391602],"iteration":173,"passed_time":1.413898,"remaining_time":5.086782459},
{"learn":[0.4501145935],"iteration":174,"passed_time":1.420756579,"remaining_time":5.074130641},
{"learn":[0.4500878906],"iteration":175,"passed_time":1.42799665,"remaining_time":5.062897214},
{"learn":[0.450060791],"iteration":176,"passed_time":1.434927856,"remaining_time":5.050621774},
{"learn":[0.4500417175],"iteration":177,"passed_time":1.442481233,"remaining_time":5.04058049},
{"learn":[0.4500130615],"iteration":178,"passed_time":1.450053565,"remaining_time":5.03063276},
{"learn":[0.449992981],"iteration":179,"passed_time":1.457028254,"remaining_time":5.018652876},
{"learn":[0.4499584045],"iteration":180,"passed_time":1.463935677,"remaining_time":5.006498254},
{"learn":[0.4499385071],"iteration":181,"passed_time":1.47076546,"remaining_time":4.99413766},
{"learn":[0.4499128113],"iteration":182,"passed_time":1.477714247,"remaining_time":4.982238746},
{"learn":[0.4498923035],"iteration":183,"passed_time":1.485412551,"remaining_time":4.972902887},
{"learn":[0.4498755493],"iteration":184,"passed_time":1.493048153,"remaining_time":4.963376291},
{"learn":[0.4498516235],"iteration":185,"passed_time":1.500690147,"remaining_time":4.953891131},
{"learn":[0.4498237305],"iteration":186,"passed_time":1.508130393,"remaining_time":4.943764335},
{"learn":[0.4498094177],"iteration":187,"passed_time":1.514896479,"remaining_time":4.931471517},
{"learn":[0.4497808228],"iteration":188,"passed_time":1.522117665,"remaining_time":4.920708431},
{"learn":[0.4497626953],"iteration":189,"passed_time":1.529934044,"remaining_time":4.91189351},
{"learn":[0.4497452087],"iteration":190,"passed_time":1.537191464,"remaining_time":4.901306813},
{"learn":[0.4497234802],"iteration":191,"passed_time":1.544692849,"remaining_time":4.891527355},
{"learn":[0.4497052917],"iteration":192,"passed_time":1.551666837,"remaining_time":4.880112798},
{"learn":[0.4496854858],"iteration":193,"passed_time":1.559451221,"remaining_time":4.871275463},
{"learn":[0.4496658936],"iteration":194,"passed_time":1.567040287,"remaining_time":4.861842941},
{"learn":[0.4496451721],"iteration":195,"passed_time":1.574697269,"remaining_time":4.852638522},
{"learn":[0.4496201172],"iteration":196,"passed_time":1.582277548,"remaining_time":4.843215033},
{"learn":[0.4495939026],"iteration":197,"passed_time":1.589943308,"remaining_time":4.834070059},
{"learn":[0.449576416],"iteration":198,"passed_time":1.597058113,"remaining_time":4.823276008},
{"learn":[0.4495569153],"iteration":199,"passed_time":1.60420352,"remaining_time":4.812610561},
{"learn":[0.449536377],"iteration":200,"passed_time":1.612172591,"remaining_time":4.804434736},
{"learn":[0.4495138245],"iteration":201,"passed_time":1.619333645,"remaining_time":4.793868911},
{"learn":[0.4494846497],"iteration":202,"passed_time":1.626472406,"remaining_time":4.783271065},
{"learn":[0.4494645691],"iteration":203,"passed_time":1.634259039,"remaining_time":4.774599936},
{"learn":[0.4494356995],"iteration":204,"passed_time":1.641693117,"remaining_time":4.764914169},
{"learn":[0.4494179077],"iteration":205,"passed_time":1.648732805,"remaining_time":4.754113039},
{"learn":[0.4493918152],"iteration":206,"passed_time":1.656179559,"remaining_time":4.744514388},
{"learn":[0.4493705139],"iteration":207,"passed_time":1.663577162,"remaining_time":4.734796539},
{"learn":[0.4493551941],"iteration":208,"passed_time":1.671880082,"remaining_time":4.727660902},
{"learn":[0.4493389587],"iteration":209,"passed_time":1.67874467,"remaining_time":4.71647312},
{"learn":[0.4493165283],"iteration":210,"passed_time":1.685981111,"remaining_time":4.706364332},
{"learn":[0.449289856],"iteration":211,"passed_time":1.693407902,"remaining_time":4.696810595},
{"learn":[0.449261322],"iteration":212,"passed_time":1.701246969,"remaining_time":4.688413008},
{"learn":[0.4492409973],"iteration":213,"passed_time":1.709118108,"remaining_time":4.680108463},
{"learn":[0.449213623],"iteration":214,"passed_time":1.717720293,"remaining_time":4.673797076},
{"learn":[0.4491980591],"iteration":215,"passed_time":1.72597481,"remaining_time":4.666524486},
{"learn":[0.4491782532],"iteration":216,"passed_time":1.734703159,"remaining_time":4.660515859},
{"learn":[0.4491611023],"iteration":217,"passed_time":1.743031243,"remaining_time":4.653413686},
{"learn":[0.4491374512],"iteration":218,"passed_time":1.750701165,"remaining_time":4.644554233},
{"learn":[0.4491144714],"iteration":219,"passed_time":1.758232178,"remaining_time":4.635339377},
{"learn":[0.4490912781],"iteration":220,"passed_time":1.765528093,"remaining_time":4.625523828},
{"learn":[0.4490715637],"iteration":221,"passed_time":1.77280199,"remaining_time":4.615673649},
{"learn":[0.4490540771],"iteration":222,"passed_time":1.78022121,"remaining_time":4.606222592},
{"learn":[0.4490284424],"iteration":223,"passed_time":1.787861285,"remaining_time":4.59735759},
{"learn":[0.4490118408],"iteration":224,"passed_time":1.795764778,"remaining_time":4.589176654},
{"learn":[0.4489845886],"iteration":225,"passed_time":1.803907169,"remaining_time":4.581604933},
{"learn":[0.4489703369],"iteration":226,"passed_time":1.810893227,"remaining_time":4.571109334},
{"learn":[0.4489548645],"iteration":227,"passed_time":1.818261829,"remaining_time":4.561604237},
{"learn":[0.4489319458],"iteration":228,"passed_time":1.826524014,"remaining_time":4.554345905},
{"learn":[0.4489143372],"iteration":229,"passed_time":1.833999128,"remaining_time":4.545128273},
{"learn":[0.4488955994],"iteration":230,"passed_time":1.842039335,"remaining_time":4.53731767},
{"learn":[0.4488752441],"iteration":231,"passed_time":1.849886691,"remaining_time":4.529032934},
{"learn":[0.4488561401],"iteration":232,"passed_time":1.858199496,"remaining_time":4.521884611},
{"learn":[0.4488276672],"iteration":233,"passed_time":1.86631808,"remaining_time":4.514256553},
{"learn":[0.4488086853],"iteration":234,"passed_time":1.873902688,"remaining_time":4.505340505},
{"learn":[0.4487930908],"iteration":235,"passed_time":1.882071582,"remaining_time":4.497832086},
{"learn":[0.4487745056],"iteration":236,"passed_time":1.890311529,"remaining_time":4.490486881},
{"learn":[0.4487620239],"iteration":237,"passed_time":1.898805645,"remaining_time":4.483734339},
{"learn":[0.4487340088],"iteration":238,"passed_time":1.90688858,"remaining_time":4.476002065},
{"learn":[0.4487185974],"iteration":239,"passed_time":1.914396965,"remaining_time":4.466926252},
{"learn":[0.4486968994],"iteration":240,"passed_time":1.921616196,"remaining_time":4.457192752},
{"learn":[0.4486766357],"iteration":241,"passed_time":1.929641132,"remaining_time":4.449337817},
{"learn":[0.4486562805],"iteration":242,"passed_time":1.937708706,"remaining_time":4.441579215},
{"learn":[0.4486372681],"iteration":243,"passed_time":1.945248792,"remaining_time":4.4326161},
{"learn":[0.448618927],"iteration":244,"passed_time":1.95222954,"remaining_time":4.42239753},
{"learn":[0.4486021729],"iteration":245,"passed_time":1.960841587,"remaining_time":4.415879022},
{"learn":[0.4485747986],"iteration":246,"passed_time":1.969110375,"remaining_time":4.408575051},
{"learn":[0.4485587158],"iteration":247,"passed_time":1.977888868,"remaining_time":4.402397803},
{"learn":[0.4485332642],"iteration":248,"passed_time":1.988912301,"remaining_time":4.401167381},
{"learn":[0.4485136719],"iteration":249,"passed_time":1.998240882,"remaining_time":4.396129941},
{"learn":[0.4484963684],"iteration":250,"passed_time":2.005588884,"remaining_time":4.386726284},
{"learn":[0.4484748535],"iteration":251,"passed_time":2.013457048,"remaining_time":4.378470089},
{"learn":[0.4484567566],"iteration":252,"passed_time":2.021898571,"remaining_time":4.371456593},
{"learn":[0.4484344788],"iteration":253,"passed_time":2.029639292,"remaining_time":4.362925408},
{"learn":[0.4484176025],"iteration":254,"passed_time":2.039368793,"remaining_time":4.358650951},
{"learn":[0.4483994141],"iteration":255,"passed_time":2.049653306,"remaining_time":4.355513275},
{"learn":[0.4483863831],"iteration":256,"passed_time":2.057514791,"remaining_time":4.347200512},
{"learn":[0.4483737793],"iteration":257,"passed_time":2.065700515,"remaining_time":4.3395724},
{"learn":[0.4483561096],"iteration":258,"passed_time":2.074147014,"remaining_time":4.33248469},
{"learn":[0.4483425293],"iteration":259,"passed_time":2.082319912,"remaining_time":4.324818278},
{"learn":[0.4483303528],"iteration":260,"passed_time":2.09182651,"remaining_time":4.319902256},
{"learn":[0.4483164978],"iteration":261,"passed_time":2.100518287,"remaining_time":4.313278009},
{"learn":[0.4483025818],"iteration":262,"passed_time":2.108813989,"remaining_time":4.305829324},
{"learn":[0.4482823792],"iteration":263,"passed_time":2.117461608,"remaining_time":4.299088719},
{"learn":[0.4482625427],"iteration":264,"passed_time":2.125178392,"remaining_time":4.29045449},
{"learn":[0.4482478638],"iteration":265,"passed_time":2.133559488,"remaining_time":4.283160776},
{"learn":[0.4482323914],"iteration":266,"passed_time":2.144667615,"remaining_time":4.281302768},
{"learn":[0.4482090759],"iteration":267,"passed_time":2.155647611,"remaining_time":4.279121377},
{"learn":[0.4481886902],"iteration":268,"passed_time":2.163280675,"remaining_time":4.2702678},
{"learn":[0.44817276],"iteration":269,"passed_time":2.17119392,"remaining_time":4.261973251},
{"learn":[0.4481419678],"iteration":270,"passed_time":2.179025249,"remaining_time":4.253521612},
{"learn":[0.4481238098],"iteration":271,"passed_time":2.18676679,"remaining_time":4.24490024},
{"learn":[0.448103363],"iteration":272,"passed_time":2.194303072,"remaining_time":4.235889081},
{"learn":[0.4480798645],"iteration":273,"passed_time":2.201981605,"remaining_time":4.227161768},
{"learn":[0.4480607605],"iteration":274,"passed_time":2.209769207,"remaining_time":4.218650305},
{"learn":[0.4480419006],"iteration":275,"passed_time":2.217402424,"remaining_time":4.209850979},
{"learn":[0.4480289917],"iteration":276,"passed_time":2.224933021,"remaining_time":4.200866317},
{"learn":[0.4480131531],"iteration":277,"passed_time":2.232787355,"remaining_time":4.192499997},
{"learn":[0.4479942322],"iteration":278,"passed_time":2.240212243,"remaining_time":4.183335408},
{"learn":[0.4479787292],"iteration":279,"passed_time":2.247751663,"remaining_time":4.174395946},
{"learn":[0.4479598694],"iteration":280,"passed_time":2.255372576,"remaining_time":4.165616964},
{"learn":[0.447944519],"iteration":281,"passed_time":2.262824825,"remaining_time":4.156536381},
{"learn":[0.4479286499],"iteration":282,"passed_time":2.270538832,"remaining_time":4.1479455},
{"learn":[0.4479118347],"iteration":283,"passed_time":2.278383291,"remaining_time":4.13959781},
{"learn":[0.4478974304],"iteration":284,"passed_time":2.285588083,"remaining_time":4.130097763},
{"learn":[0.4478795166],"iteration":285,"passed_time":2.293591026,"remaining_time":4.122048207},
{"learn":[0.447857605],"iteration":286,"passed_time":2.301507494,"remaining_time":4.113844406},
{"learn":[0.4478354797],"iteration":287,"passed_time":2.309148187,"remaining_time":4.105152333},
{"learn":[0.447815918],"iteration":288,"passed_time":2.317091117,"remaining_time":4.09700194},
{"learn":[0.4477980652],"iteration":289,"passed_time":2.325837784,"remaining_time":4.090266447},
{"learn":[0.4477821045],"iteration":290,"passed_time":2.334322545,"remaining_time":4.083059022},
{"learn":[0.4477592468],"iteration":291,"passed_time":2.3436625,"remaining_time":4.077330651},
{"learn":[0.4477418823],"iteration":292,"passed_time":2.351733846,"remaining_time":4.069382456},
{"learn":[0.4477200317],"iteration":293,"passed_time":2.359786877,"remaining_time":4.061401903},
{"learn":[0.4477055054],"iteration":294,"passed_time":2.367184678,"remaining_time":4.052299194},
{"learn":[0.4476848145],"iteration":295,"passed_time":2.376477988,"remaining_time":4.046435493},
{"learn":[0.4476593018],"iteration":296,"passed_time":2.384676953,"remaining_time":4.038695311},
{"learn":[0.447635437],"iteration":297,"passed_time":2.392241878,"remaining_time":4.029883968},
{"learn":[0.4476187439],"iteration":298,"passed_time":2.400205222,"remaining_time":4.021748549},
{"learn":[0.4476056824],"iteration":299,"passed_time":2.408264106,"remaining_time":4.013773509},
{"learn":[0.4475915833],"iteration":300,"passed_time":2.41627962,"remaining_time":4.005726015},
{"learn":[0.44757547],"iteration":301,"passed_time":2.424439436,"remaining_time":3.997916685},
{"learn":[0.4475578003],"iteration":302,"passed_time":2.433043942,"remaining_time":3.990834453},
{"learn":[0.447543335],"iteration":303,"passed_time":2.441452586,"remaining_time":3.98342264},
{"learn":[0.4475263367],"iteration":304,"passed_time":2.44917307,"remaining_time":3.974887442},
{"learn":[0.4475127869],"iteration":305,"passed_time":2.456288133,"remaining_time":3.965380188},
{"learn":[0.4474950867],"iteration":306,"passed_time":2.46432751,"remaining_time":3.957372842},
{"learn":[0.447484375],"iteration":307,"passed_time":2.471599069,"remaining_time":3.948138773},
{"learn":[0.447467804],"iteration":308,"passed_time":2.48006901,"remaining_time":3.940821631},
{"learn":[0.4474510193],"iteration":309,"passed_time":2.487375197,"remaining_time":3.931657569},
{"learn":[0.4474334106],"iteration":310,"passed_time":2.495386834,"remaining_time":3.923614668},
{"learn":[0.4474216003],"iteration":311,"passed_time":2.502933858,"remaining_time":3.914845265},
{"learn":[0.4474057312],"iteration":312,"passed_time":2.510484149,"remaining_time":3.906088756},
{"learn":[0.447388855],"iteration":313,"passed_time":2.518268045,"remaining_time":3.897701496},
{"learn":[0.4473690796],"iteration":314,"passed_time":2.526140227,"remaining_time":3.889454},
{"learn":[0.4473537292],"iteration":315,"passed_time":2.534856639,"remaining_time":3.882501941},
{"learn":[0.44734198],"iteration":316,"passed_time":2.543507984,"remaining_time":3.87543961},
{"learn":[0.447316925],"iteration":317,"passed_time":2.551256199,"remaining_time":3.86699839},
{"learn":[0.4473023071],"iteration":318,"passed_time":2.559047261,"remaining_time":3.858626121},
{"learn":[0.4472885437],"iteration":319,"passed_time":2.566835289,"remaining_time":3.850252933},
{"learn":[0.4472737122],"iteration":320,"passed_time":2.575306434,"remaining_time":3.842902747},
{"learn":[0.4472573547],"iteration":321,"passed_time":2.582934606,"remaining_time":3.83429423},
{"learn":[0.4472458801],"iteration":322,"passed_time":2.590625022,"remaining_time":3.825783702},
{"learn":[0.4472295227],"iteration":323,"passed_time":2.598326491,"remaining_time":3.817294474},
{"learn":[0.4472100525],"iteration":324,"passed_time":2.60635262,"remaining_time":3.809284599},
{"learn":[0.4471937561],"iteration":325,"passed_time":2.614362915,"remaining_time":3.8012516},
{"learn":[0.4471777344],"iteration":326,"passed_time":2.623201416,"remaining_time":3.794416727},
{"learn":[0.4471632385],"iteration":327,"passed_time":2.633031063,"remaining_time":3.788995921},
{"learn":[0.4471394348],"iteration":328,"passed_time":2.641109766,"remaining_time":3.78104164},
{"learn":[0.4471214905],"iteration":329,"passed_time":2.648590953,"remaining_time":3.772235599},
{"learn":[0.4471081848],"iteration":330,"passed_time":2.656942615,"remaining_time":3.764670956},
{"learn":[0.4470906372],"iteration":331,"passed_time":2.664451279,"remaining_time":3.755913248},
{"learn":[0.4470722351],"iteration":332,"passed_time":2.671918543,"remaining_time":3.747104984},
{"learn":[0.4470579834],"iteration":333,"passed_time":2.679833632,"remaining_time":3.738929558},
{"learn":[0.4470380554],"iteration":334,"passed_time":2.687902133,"remaining_time":3.730968632},
{"learn":[0.4470222778],"iteration":335,"passed_time":2.696304638,"remaining_time":3.72346831},
{"learn":[0.4470021057],"iteration":336,"passed_time":2.70420224,"remaining_time":3.715268953},
{"learn":[0.4469906616],"iteration":337,"passed_time":2.711635353,"remaining_time":3.706436488},
{"learn":[0.4469744263],"iteration":338,"passed_time":2.719564988,"remaining_time":3.698287491},
{"learn":[0.4469616394],"iteration":339,"passed_time":2.72758606,"remaining_time":3.690263493},
{"learn":[0.4469393005],"iteration":340,"passed_time":2.735246715,"remaining_time":3.681754375},
{"learn":[0.4469263611],"iteration":341,"passed_time":2.743384805,"remaining_time":3.673889593},
{"learn":[0.4469120789],"iteration":342,"passed_time":2.751742197,"remaining_time":3.666315405},
{"learn":[0.4468979187],"iteration":343,"passed_time":2.760002658,"remaining_time":3.658608175},
{"learn":[0.4468751221],"iteration":344,"passed_time":2.767603956,"remaining_time":3.650028406},
{"learn":[0.4468587036],"iteration":345,"passed_time":2.776021113,"remaining_time":3.642524814},
{"learn":[0.4468424988],"iteration":346,"passed_time":2.784323704,"remaining_time":3.634866391},
{"learn":[0.4468236389],"iteration":347,"passed_time":2.794266595,"remaining_time":3.629334772},
{"learn":[0.4468075867],"iteration":348,"passed_time":2.802298991,"remaining_time":3.621309011},
{"learn":[0.4467896729],"iteration":349,"passed_time":2.809994315,"remaining_time":3.612849833},
{"learn":[0.4467693787],"iteration":350,"passed_time":2.818055105,"remaining_time":3.604862513},
{"learn":[0.4467530823],"iteration":351,"passed_time":2.826044537,"remaining_time":3.596783957},
{"learn":[0.4467361145],"iteration":352,"passed_time":2.833451234,"remaining_time":3.587967993},
{"learn":[0.4467228699],"iteration":353,"passed_time":2.840798094,"remaining_time":3.579084604},
{"learn":[0.4467084961],"iteration":354,"passed_time":2.848459734,"remaining_time":3.570604455},
{"learn":[0.4466955261],"iteration":355,"passed_time":2.855781784,"remaining_time":3.561705371},
{"learn":[0.4466795349],"iteration":356,"passed_time":2.863731007,"remaining_time":3.553593378},
{"learn":[0.4466676636],"iteration":357,"passed_time":2.871385979,"remaining_time":3.545119002},
{"learn":[0.4466538086],"iteration":358,"passed_time":2.88457378,"remaining_time":3.543445785},
{"learn":[0.4466343079],"iteration":359,"passed_time":2.894077039,"remaining_time":3.53720527},
{"learn":[0.446619873],"iteration":360,"passed_time":2.904182204,"remaining_time":3.531678636},
{"learn":[0.4466051636],"iteration":361,"passed_time":2.914414959,"remaining_time":3.526281082},
{"learn":[0.4465916748],"iteration":362,"passed_time":2.92440927,"remaining_time":3.520569837},
{"learn":[0.4465801392],"iteration":363,"passed_time":2.935318376,"remaining_time":3.515930802},
{"learn":[0.4465561829],"iteration":364,"passed_time":2.944883416,"remaining_time":3.509655578},
{"learn":[0.4465375366],"iteration":365,"passed_time":2.953506125,"remaining_time":3.502244968},
{"learn":[0.4465198059],"iteration":366,"passed_time":2.961688936,"remaining_time":3.494308744},
{"learn":[0.4465041809],"iteration":367,"passed_time":2.970016576,"remaining_time":3.486541198},
{"learn":[0.4464923096],"iteration":368,"passed_time":2.978191269,"remaining_time":3.47859197},
{"learn":[0.4464742126],"iteration":369,"passed_time":2.985727522,"remaining_time":3.469899553},
{"learn":[0.4464503784],"iteration":370,"passed_time":2.99346103,"remaining_time":3.46144146},
{"learn":[0.4464343262],"iteration":371,"passed_time":3.001577866,"remaining_time":3.453428297},
{"learn":[0.4464150696],"iteration":372,"passed_time":3.008998042,"remaining_time":3.444617061},
{"learn":[0.446397644],"iteration":373,"passed_time":3.016897964,"remaining_time":3.436359713},
{"learn":[0.4463854675],"iteration":374,"passed_time":3.024319611,"remaining_time":3.427562226},
{"learn":[0.4463724365],"iteration":375,"passed_time":3.031822153,"remaining_time":3.418863279},
{"learn":[0.4463598633],"iteration":376,"passed_time":3.039513841,"remaining_time":3.410382904},
{"learn":[0.4463456421],"iteration":377,"passed_time":3.04755319,"remaining_time":3.402294831},
{"learn":[0.4463332825],"iteration":378,"passed_time":3.055502876,"remaining_time":3.394107416},
{"learn":[0.4463209534],"iteration":379,"passed_time":3.063184938,"remaining_time":3.385625457},
{"learn":[0.4463094177],"iteration":380,"passed_time":3.072574315,"remaining_time":3.379025297},
{"learn":[0.446295105],"iteration":381,"passed_time":3.081637811,"remaining_time":3.37205394},
{"learn":[0.4462792053],"iteration":382,"passed_time":3.091224955,"remaining_time":3.365641792},
{"learn":[0.4462639771],"iteration":383,"passed_time":3.098878493,"remaining_time":3.357118368},
{"learn":[0.4462510681],"iteration":384,"passed_time":3.106783366,"remaining_time":3.348870381},
{"learn":[0.4462310486],"iteration":385,"passed_time":3.114837048,"remaining_time":3.340783776},
{"learn":[0.4462184143],"iteration":386,"passed_time":3.123334677,"remaining_time":3.333171116},
{"learn":[0.4462041321],"iteration":387,"passed_time":3.131203504,"remaining_time":3.324886195},
{"learn":[0.4461895142],"iteration":388,"passed_time":3.139522704,"remaining_time":3.317079258},
{"learn":[0.4461785889],"iteration":389,"passed_time":3.147938599,"remaining_time":3.309371348},
{"learn":[0.4461643066],"iteration":390,"passed_time":3.156313198,"remaining_time":3.301616618},
{"learn":[0.4461516418],"iteration":391,"passed_time":3.165103724,"remaining_time":3.294291631},
{"learn":[0.4461367798],"iteration":392,"passed_time":3.177803194,"remaining_time":3.291007379},
{"learn":[0.4461208191],"iteration":393,"passed_time":3.186125573,"remaining_time":3.28316493},
{"learn":[0.4461101685],"iteration":394,"passed_time":3.193662368,"remaining_time":3.27451458},
{"learn":[0.4460967102],"iteration":395,"passed_time":3.201804667,"remaining_time":3.266487589},
{"learn":[0.446084198],"iteration":396,"passed_time":3.20957203,"remaining_time":3.258079416},
{"learn":[0.4460753174],"iteration":397,"passed_time":3.216878887,"remaining_time":3.249209328},
{"learn":[0.4460576477],"iteration":398,"passed_time":3.224798561,"remaining_time":3.240962965},
{"learn":[0.4460424194],"iteration":399,"passed_time":3.232498371,"remaining_time":3.232498371},
{"learn":[0.4460301514],"iteration":400,"passed_time":3.240203945,"remaining_time":3.224043327},
{"learn":[0.4460170898],"iteration":401,"passed_time":3.24800738,"remaining_time":3.215688898},
{"learn":[0.4460021362],"iteration":402,"passed_time":3.255549569,"remaining_time":3.207079849},
{"learn":[0.4459812317],"iteration":403,"passed_time":3.263259455,"remaining_time":3.198640456},
{"learn":[0.4459725037],"iteration":404,"passed_time":3.271251119,"remaining_time":3.190479487},
{"learn":[0.4459602661],"iteration":405,"passed_time":3.279076097,"remaining_time":3.182157592},
{"learn":[0.445942688],"iteration":406,"passed_time":3.286251132,"remaining_time":3.173210553},
{"learn":[0.4459271851],"iteration":407,"passed_time":3.293566975,"remaining_time":3.164407485},
{"learn":[0.4459118347],"iteration":408,"passed_time":3.300857575,"remaining_time":3.155587559},
{"learn":[0.4458974304],"iteration":409,"passed_time":3.308315437,"remaining_time":3.146934196},
{"learn":[0.4458841858],"iteration":410,"passed_time":3.315063759,"remaining_time":3.13761509},
{"learn":[0.4458731384],"iteration":411,"passed_time":3.322502098,"remaining_time":3.128958286},
{"learn":[0.4458598022],"iteration":412,"passed_time":3.330107767,"remaining_time":3.120464179},
{"learn":[0.4458460999],"iteration":413,"passed_time":3.337999942,"remaining_time":3.112241492},
{"learn":[0.4458334351],"iteration":414,"passed_time":3.345132085,"remaining_time":3.103315308},
{"learn":[0.445817688],"iteration":415,"passed_time":3.355023601,"remaining_time":3.096944862},
{"learn":[0.4458026123],"iteration":416,"passed_time":3.364164491,"remaining_time":3.089868106},
{"learn":[0.4457895813],"iteration":417,"passed_time":3.371825532,"remaining_time":3.081429075},
{"learn":[0.4457739868],"iteration":418,"passed_time":3.379552935,"remaining_time":3.073054101},
{"learn":[0.4457567139],"iteration":419,"passed_time":3.387028122,"remaining_time":3.064454015},
{"learn":[0.4457404785],"iteration":420,"passed_time":3.395260709,"remaining_time":3.056541113},
{"learn":[0.4457282104],"iteration":421,"passed_time":3.403264182,"remaining_time":3.048421471},
{"learn":[0.4457060852],"iteration":422,"passed_time":3.411157762,"remaining_time":3.040204435},
{"learn":[0.445697052],"iteration":423,"passed_time":3.418714306,"remaining_time":3.031690045},
{"learn":[0.4456791687],"iteration":424,"passed_time":3.426081676,"remaining_time":3.023013244},
{"learn":[0.445665802],"iteration":425,"passed_time":3.433487275,"remaining_time":3.014376152},
{"learn":[0.4456541138],"iteration":426,"passed_time":3.441100955,"remaining_time":3.005926595},
{"learn":[0.4456367798],"iteration":427,"passed_time":3.448717675,"remaining_time":2.997483586},
{"learn":[0.4456212158],"iteration":428,"passed_time":3.458258666,"remaining_time":2.990708543},
{"learn":[0.4456101685],"iteration":429,"passed_time":3.468694407,"remaining_time":2.984690536},
{"learn":[0.4455917664],"iteration":430,"passed_time":3.475565932,"remaining_time":2.975600531},
{"learn":[0.4455778809],"iteration":431,"passed_time":3.483018207,"remaining_time":2.967015509},
{"learn":[0.4455630188],"iteration":432,"passed_time":3.490535373,"remaining_time":2.95849072},
{"learn":[0.4455518494],"iteration":433,"passed_time":3.497902228,"remaining_time":2.949843815},
{"learn":[0.4455396729],"iteration":434,"passed_time":3.507243172,"remaining_time":2.942859213},
{"learn":[0.4455284729],"iteration":435,"passed_time":3.515589761,"remaining_time":2.935033654},
{"learn":[0.4455134888],"iteration":436,"passed_time":3.523060652,"remaining_time":2.926478299},
{"learn":[0.445498291],"iteration":437,"passed_time":3.531809618,"remaining_time":2.918984204},
{"learn":[0.4454792786],"iteration":438,"passed_time":3.540031497,"remaining_time":2.911050957},
{"learn":[0.4454693909],"iteration":439,"passed_time":3.547488369,"remaining_time":2.902490484},
{"learn":[0.44545578],"iteration":440,"passed_time":3.55553877,"remaining_time":2.894418182},
{"learn":[0.4454381714],"iteration":441,"passed_time":3.563856578,"remaining_time":2.886562568},
{"learn":[0.4454259949],"iteration":442,"passed_time":3.571509558,"remaining_time":2.878169102},
{"learn":[0.445415863],"iteration":443,"passed_time":3.580184488,"remaining_time":2.870598373},
{"learn":[0.4454033813],"iteration":444,"passed_time":3.588250613,"remaining_time":2.862537006},
{"learn":[0.4453929138],"iteration":445,"passed_time":3.596174871,"remaining_time":2.854363014},
{"learn":[0.4453798523],"iteration":446,"passed_time":3.604032186,"remaining_time":2.846137275},
{"learn":[0.4453657532],"iteration":447,"passed_time":3.612484987,"remaining_time":2.838381061},
{"learn":[0.4453563232],"iteration":448,"passed_time":3.623574157,"remaining_time":2.832682693},
{"learn":[0.4453442383],"iteration":449,"passed_time":3.632641738,"remaining_time":2.825388018},
{"learn":[0.4453303528],"iteration":450,"passed_time":3.640479615,"remaining_time":2.817133893},
{"learn":[0.4453167725],"iteration":451,"passed_time":3.647831578,"remaining_time":2.808507498},
{"learn":[0.4453058472],"iteration":452,"passed_time":3.655703811,"remaining_time":2.800285259},
{"learn":[0.4452924805],"iteration":453,"passed_time":3.66390068,"remaining_time":2.792311972},
{"learn":[0.4452786865],"iteration":454,"passed_time":3.676617851,"remaining_time":2.787765184},
{"learn":[0.4452671814],"iteration":455,"passed_time":3.686712873,"remaining_time":2.781204448},
{"learn":[0.44525354],"iteration":456,"passed_time":3.697740404,"remaining_time":2.775328137},
{"learn":[0.445235321],"iteration":457,"passed_time":3.705488397,"remaining_time":2.766980418},
{"learn":[0.4452256165],"iteration":458,"passed_time":3.713186207,"remaining_time":2.758598032},
{"learn":[0.4452120361],"iteration":459,"passed_time":3.725004763,"remaining_time":2.75326439},
{"learn":[0.4451960449],"iteration":460,"passed_time":3.733028745,"remaining_time":2.745112244},
{"learn":[0.4451832581],"iteration":461,"passed_time":3.740109956,"remaining_time":2.73627092},
{"learn":[0.4451724548],"iteration":462,"passed_time":3.748313355,"remaining_time":2.728253997},
{"learn":[0.4451589966],"iteration":463,"passed_time":3.756894927,"remaining_time":2.720510119},
{"learn":[0.4451459961],"iteration":464,"passed_time":3.764796098,"remaining_time":2.712272457},
{"learn":[0.4451294861],"iteration":465,"passed_time":3.772457765,"remaining_time":2.703864579},
{"learn":[0.4451150818],"iteration":466,"passed_time":3.779841737,"remaining_time":2.695261881},
{"learn":[0.4451017456],"iteration":467,"passed_time":3.787940104,"remaining_time":2.687171185},
{"learn":[0.4450861511],"iteration":468,"passed_time":3.796108733,"remaining_time":2.679130044},
{"learn":[0.4450738831],"iteration":469,"passed_time":3.803626858,"remaining_time":2.670631623},
{"learn":[0.4450634766],"iteration":470,"passed_time":3.811512783,"remaining_time":2.66239428},
{"learn":[0.4450539551],"iteration":471,"passed_time":3.819983943,"remaining_time":2.654565113},
{"learn":[0.4450418701],"iteration":472,"passed_time":3.82831114,"remaining_time":2.646633706},
{"learn":[0.4450281982],"iteration":473,"passed_time":3.835613372,"remaining_time":2.637995695},
{"learn":[0.4450147095],"iteration":474,"passed_time":3.842964313,"remaining_time":2.629396635},
{"learn":[0.4449993286],"iteration":475,"passed_time":3.850359625,"remaining_time":2.620833022},
{"learn":[0.4449866638],"iteration":476,"passed_time":3.857896221,"remaining_time":2.612369978},
{"learn":[0.4449756775],"iteration":477,"passed_time":3.864961115,"remaining_time":2.603593053},
{"learn":[0.4449613647],"iteration":478,"passed_time":3.873307985,"remaining_time":2.595682387},
{"learn":[0.4449472351],"iteration":479,"passed_time":3.88330161,"remaining_time":2.58886774},
{"learn":[0.4449363403],"iteration":480,"passed_time":3.890599271,"remaining_time":2.580251907},
{"learn":[0.4449216309],"iteration":481,"passed_time":3.900238689,"remaining_time":2.573186521},
{"learn":[0.4449073181],"iteration":482,"passed_time":3.910396796,"remaining_time":2.566450899},
{"learn":[0.4448973083],"iteration":483,"passed_time":3.918721924,"remaining_time":2.558504397},
{"learn":[0.4448862305],"iteration":484,"passed_time":3.929473803,"remaining_time":2.55213247},
{"learn":[0.4448696899],"iteration":485,"passed_time":3.93952156,"remaining_time":2.545287592},
{"learn":[0.4448583984],"iteration":486,"passed_time":3.948854374,"remaining_time":2.53797006},
{"learn":[0.4448467712],"iteration":487,"passed_time":3.956863666,"remaining_time":2.529798082},
{"learn":[0.44483255],"iteration":488,"passed_time":3.967054576,"remaining_time":2.52301426},
{"learn":[0.4448208618],"iteration":489,"passed_time":3.97573871,"remaining_time":2.515263266},
{"learn":[0.4448065491],"iteration":490,"passed_time":3.983605666,"remaining_time":2.506994197},
{"learn":[0.4447946777],"iteration":491,"passed_time":3.991964506,"remaining_time":2.499034691},
{"learn":[0.444781311],"iteration":492,"passed_time":4.00045367,"remaining_time":2.49115472},
{"learn":[0.4447690125],"iteration":493,"passed_time":4.008266511,"remaining_time":2.482853345},
{"learn":[0.4447545166],"iteration":494,"passed_time":4.016228851,"remaining_time":2.47464606},
{"learn":[0.4447431641],"iteration":495,"passed_time":4.024959371,"remaining_time":2.466910582},
{"learn":[0.4447258301],"iteration":496,"passed_time":4.033522707,"remaining_time":2.459069176},
{"learn":[0.444713562],"iteration":497,"passed_time":4.041836878,"remaining_time":2.451073769},
{"learn":[0.4447049561],"iteration":498,"passed_time":4.05021191,"remaining_time":2.443113798},
{"learn":[0.4446920471],"iteration":499,"passed_time":4.058108952,"remaining_time":2.434865371},
{"learn":[0.4446791382],"iteration":500,"passed_time":4.067620556,"remaining_time":2.427581929},
{"learn":[0.4446674805],"iteration":501,"passed_time":4.078036874,"remaining_time":2.42082667},
{"learn":[0.4446504822],"iteration":502,"passed_time":4.08579025,"remaining_time":2.412484502},
{"learn":[0.4446387939],"iteration":503,"passed_time":4.093297907,"remaining_time":2.404000358},
{"learn":[0.4446266174],"iteration":504,"passed_time":4.101442219,"remaining_time":2.395891989},
{"learn":[0.4446151428],"iteration":505,"passed_time":4.109427593,"remaining_time":2.387691131},
{"learn":[0.4446022644],"iteration":506,"passed_time":4.116657805,"remaining_time":2.379054708},
{"learn":[0.4445948792],"iteration":507,"passed_time":4.124030502,"remaining_time":2.370505722},
{"learn":[0.4445806885],"iteration":508,"passed_time":4.131755608,"remaining_time":2.362162833},
{"learn":[0.4445684814],"iteration":509,"passed_time":4.139065564,"remaining_time":2.353586301},
{"learn":[0.4445514221],"iteration":510,"passed_time":4.146820478,"remaining_time":2.345266376},
{"learn":[0.4445365295],"iteration":511,"passed_time":4.154976346,"remaining_time":2.337174195},
{"learn":[0.4445247192],"iteration":512,"passed_time":4.166278662,"remaining_time":2.330842058},
{"learn":[0.4445086975],"iteration":513,"passed_time":4.176310159,"remaining_time":2.323783473},
{"learn":[0.4444961853],"iteration":514,"passed_time":4.186343701,"remaining_time":2.316714476},
{"learn":[0.4444855042],"iteration":515,"passed_time":4.19950857,"remaining_time":2.31135743},
{"learn":[0.444470459],"iteration":516,"passed_time":4.207524854,"remaining_time":2.303151903},
{"learn":[0.4444613342],"iteration":517,"passed_time":4.217319725,"remaining_time":2.295915372},
{"learn":[0.4444471436],"iteration":518,"passed_time":4.224660624,"remaining_time":2.287340338},
{"learn":[0.444436676],"iteration":519,"passed_time":4.232162305,"remaining_time":2.278856626},
{"learn":[0.4444213257],"iteration":520,"passed_time":4.242326437,"remaining_time":2.271802449},
{"learn":[0.4444071045],"iteration":521,"passed_time":4.250300505,"remaining_time":2.263570001},
{"learn":[0.4443899536],"iteration":522,"passed_time":4.257778205,"remaining_time":2.255075646},
{"learn":[0.4443721313],"iteration":523,"passed_time":4.265436821,"remaining_time":2.246680463},
{"learn":[0.4443624878],"iteration":524,"passed_time":4.27510681,"remaining_time":2.239341662},
{"learn":[0.4443459778],"iteration":525,"passed_time":4.28321002,"remaining_time":2.231177843},
{"learn":[0.444333313],"iteration":526,"passed_time":4.291385231,"remaining_time":2.223051552},
{"learn":[0.4443240356],"iteration":527,"passed_time":4.298683458,"remaining_time":2.214473297},
{"learn":[0.4443138428],"iteration":528,"passed_time":4.307052549,"remaining_time":2.20644847},
{"learn":[0.4443024597],"iteration":529,"passed_time":4.314989674,"remaining_time":2.198202287},
{"learn":[0.4442878723],"iteration":530,"passed_time":4.324931823,"remaining_time":2.190972995},
{"learn":[0.4442732544],"iteration":531,"passed_time":4.333245825,"remaining_time":2.18291331},
{"learn":[0.4442633972],"iteration":532,"passed_time":4.340780008,"remaining_time":2.17446203},
{"learn":[0.4442479248],"iteration":533,"passed_time":4.348782291,"remaining_time":2.166247359},
{"learn":[0.4442327271],"iteration":534,"passed_time":4.356190014,"remaining_time":2.157738979},
{"learn":[0.4442174072],"iteration":535,"passed_time":4.363724439,"remaining_time":2.149297112},
{"learn":[0.4442071838],"iteration":536,"passed_time":4.370789386,"remaining_time":2.140628693},
{"learn":[0.4441956482],"iteration":537,"passed_time":4.378158289,"remaining_time":2.13211426},
{"learn":[0.4441795044],"iteration":538,"passed_time":4.385503147,"remaining_time":2.123592433},
{"learn":[0.444167511],"iteration":539,"passed_time":4.392826801,"remaining_time":2.115064756},
{"learn":[0.4441544495],"iteration":540,"passed_time":4.399794866,"remaining_time":2.106371295},
{"learn":[0.444139801],"iteration":541,"passed_time":4.407418362,"remaining_time":2.097996194},
{"learn":[0.444130188],"iteration":542,"passed_time":4.415098748,"remaining_time":2.089650789},
{"learn":[0.4441207886],"iteration":543,"passed_time":4.423316847,"remaining_time":2.081560869},
{"learn":[0.4441092529],"iteration":544,"passed_time":4.4340817,"remaining_time":2.07466208},
{"learn":[0.4440980225],"iteration":545,"passed_time":4.443140847,"remaining_time":2.066955632},
{"learn":[0.444084198],"iteration":546,"passed_time":4.45065669,"remaining_time":2.058530425},
{"learn":[0.4440725403],"iteration":547,"passed_time":4.458421616,"remaining_time":2.050223079},
{"learn":[0.444061676],"iteration":548,"passed_time":4.466093917,"remaining_time":2.041875361},
{"learn":[0.4440491638],"iteration":549,"passed_time":4.473756323,"remaining_time":2.033525601},
{"learn":[0.4440403748],"iteration":550,"passed_time":4.481139561,"remaining_time":2.025052179},
{"learn":[0.4440283813],"iteration":551,"passed_time":4.488977748,"remaining_time":2.016787104},
{"learn":[0.4440152588],"iteration":552,"passed_time":4.496369375,"remaining_time":2.008324115},
{"learn":[0.4440046692],"iteration":553,"passed_time":4.503629032,"remaining_time":1.999806393},
{"learn":[0.4439927979],"iteration":554,"passed_time":4.510767486,"remaining_time":1.991239701},
{"learn":[0.4439775085],"iteration":555,"passed_time":4.51812448,"remaining_time":1.982774052},
{"learn":[0.4439668884],"iteration":556,"passed_time":4.525259697,"remaining_time":1.974215631},
{"learn":[0.4439579163],"iteration":557,"passed_time":4.532203222,"remaining_time":1.965579175},
{"learn":[0.4439463196],"iteration":558,"passed_time":4.539724422,"remaining_time":1.957197828},
{"learn":[0.4439339905],"iteration":559,"passed_time":4.547281072,"remaining_time":1.948834745},
{"learn":[0.4439219666],"iteration":560,"passed_time":4.554799145,"remaining_time":1.940458103},
{"learn":[0.4439081726],"iteration":561,"passed_time":4.562433451,"remaining_time":1.932133739},
{"learn":[0.4438937683],"iteration":562,"passed_time":4.569732206,"remaining_time":1.923670574},
{"learn":[0.443885376],"iteration":563,"passed_time":4.577033993,"remaining_time":1.915212805},
{"learn":[0.4438757935],"iteration":564,"passed_time":4.585079356,"remaining_time":1.907068405},
{"learn":[0.4438620605],"iteration":565,"passed_time":4.592504479,"remaining_time":1.898667929},
{"learn":[0.443852478],"iteration":566,"passed_time":4.599574237,"remaining_time":1.890124863},
{"learn":[0.443840332],"iteration":567,"passed_time":4.606372149,"remaining_time":1.881475948},
{"learn":[0.4438253784],"iteration":568,"passed_time":4.614824722,"remaining_time":1.873505292},
{"learn":[0.4438147888],"iteration":569,"passed_time":4.62227131,"remaining_time":1.86512702},
{"learn":[0.4438021545],"iteration":570,"passed_time":4.629607615,"remaining_time":1.856707783},
{"learn":[0.4437879639],"iteration":571,"passed_time":4.636846565,"remaining_time":1.848253526},
{"learn":[0.4437749023],"iteration":572,"passed_time":4.645050656,"remaining_time":1.840185862},
{"learn":[0.4437622986],"iteration":573,"passed_time":4.652431636,"remaining_time":1.831793641},
{"learn":[0.4437495422],"iteration":574,"passed_time":4.659894485,"remaining_time":1.823436972},
{"learn":[0.4437367554],"iteration":575,"passed_time":4.667520378,"remaining_time":1.815146814},
{"learn":[0.4437275696],"iteration":576,"passed_time":4.675632604,"remaining_time":1.807046916},
{"learn":[0.4437142334],"iteration":577,"passed_time":4.683018346,"remaining_time":1.798667946},
{"learn":[0.4437037964],"iteration":578,"passed_time":4.691395075,"remaining_time":1.790670659},
{"learn":[0.443677124],"iteration":579,"passed_time":4.699648407,"remaining_time":1.782625258},
{"learn":[0.4436615601],"iteration":580,"passed_time":4.708176346,"remaining_time":1.77468265},
{"learn":[0.4436522217],"iteration":581,"passed_time":4.716457688,"remaining_time":1.766645663},
{"learn":[0.443642334],"iteration":582,"passed_time":4.724832072,"remaining_time":1.758642469},
{"learn":[0.4436331177],"iteration":583,"passed_time":4.734932391,"remaining_time":1.751276364},
{"learn":[0.4436217346],"iteration":584,"passed_time":4.743875422,"remaining_time":1.743475582},
{"learn":[0.4436101379],"iteration":585,"passed_time":4.751655597,"remaining_time":1.735246242},
{"learn":[0.4435952759],"iteration":586,"passed_time":4.759690575,"remaining_time":1.72711089},
{"learn":[0.4435852661],"iteration":587,"passed_time":4.766904296,"remaining_time":1.71867978},
{"learn":[0.4435734558],"iteration":588,"passed_time":4.77481773,"remaining_time":1.710503465},
{"learn":[0.4435603638],"iteration":589,"passed_time":4.782369506,"remaining_time":1.702199316},
{"learn":[0.4435456848],"iteration":590,"passed_time":4.789992145,"remaining_time":1.693922772},
{"learn":[0.4435386047],"iteration":591,"passed_time":4.797423638,"remaining_time":1.685581278},
{"learn":[0.4435247803],"iteration":592,"passed_time":4.806003643,"remaining_time":1.677643768},
{"learn":[0.4435140991],"iteration":593,"passed_time":4.813862721,"remaining_time":1.669454075},
{"learn":[0.4435028076],"iteration":594,"passed_time":4.821295998,"remaining_time":1.661118789},
{"learn":[0.4434908142],"iteration":595,"passed_time":4.829739351,"remaining_time":1.653132261},
{"learn":[0.4434778137],"iteration":596,"passed_time":4.837718512,"remaining_time":1.644986362},
{"learn":[0.4434665833],"iteration":597,"passed_time":4.84606832,"remaining_time":1.636966222},
{"learn":[0.4434558716],"iteration":598,"passed_time":4.854216161,"remaining_time":1.628877209},
{"learn":[0.4434427795],"iteration":599,"passed_time":4.86262427,"remaining_time":1.620874757},
{"learn":[0.4434318848],"iteration":600,"passed_time":4.870484334,"remaining_time":1.612689488},
{"learn":[0.4434172363],"iteration":601,"passed_time":4.878905937,"remaining_time":1.604689993},
{"learn":[0.4434062195],"iteration":602,"passed_time":4.887279848,"remaining_time":1.596673516},
{"learn":[0.4433955994],"iteration":603,"passed_time":4.894931795,"remaining_time":1.588421576},
{"learn":[0.4433875122],"iteration":604,"passed_time":4.902556792,"remaining_time":1.580162933},
{"learn":[0.4433712158],"iteration":605,"passed_time":4.910513815,"remaining_time":1.572012673},
{"learn":[0.4433603516],"iteration":606,"passed_time":4.91783202,"remaining_time":1.563659934},
{"learn":[0.4433495178],"iteration":607,"passed_time":4.925310872,"remaining_time":1.555361328},
{"learn":[0.4433382263],"iteration":608,"passed_time":4.9329656,"remaining_time":1.547120574},
{"learn":[0.4433270264],"iteration":609,"passed_time":4.941508393,"remaining_time":1.539158352},
{"learn":[0.4433122559],"iteration":610,"passed_time":4.949589101,"remaining_time":1.531051293},
{"learn":[0.443300354],"iteration":611,"passed_time":4.957223986,"remaining_time":1.522807368},
{"learn":[0.4432913818],"iteration":612,"passed_time":4.965447557,"remaining_time":1.514745013},
{"learn":[0.4432771606],"iteration":613,"passed_time":4.973112687,"remaining_time":1.506512964},
{"learn":[0.4432659912],"iteration":614,"passed_time":4.980568078,"remaining_time":1.498219666},
{"learn":[0.4432554016],"iteration":615,"passed_time":4.987841965,"remaining_time":1.489874873},
{"learn":[0.4432463684],"iteration":616,"passed_time":4.995176909,"remaining_time":1.48155166},
{"learn":[0.4432294312],"iteration":617,"passed_time":5.001982592,"remaining_time":1.47307578},
{"learn":[0.4432194214],"iteration":618,"passed_time":5.0094602,"remaining_time":1.464801771},
{"learn":[0.4432061462],"iteration":619,"passed_time":5.016540582,"remaining_time":1.456415008},
{"learn":[0.4431962585],"iteration":620,"passed_time":5.023494469,"remaining_time":1.44799599},
{"learn":[0.4431865845],"iteration":621,"passed_time":5.030987838,"remaining_time":1.439736069},
{"learn":[0.4431754761],"iteration":622,"passed_time":5.038211029,"remaining_time":1.431401849},
{"learn":[0.4431636658],"iteration":623,"passed_time":5.045523516,"remaining_time":1.423096376},
{"learn":[0.4431562805],"iteration":624,"passed_time":5.053066927,"remaining_time":1.41485874},
{"learn":[0.4431434326],"iteration":625,"passed_time":5.060396874,"remaining_time":1.406563987},
{"learn":[0.4431301575],"iteration":626,"passed_time":5.067780143,"remaining_time":1.398287025},
{"learn":[0.4431161804],"iteration":627,"passed_time":5.075039504,"remaining_time":1.389978973},
{"learn":[0.4431061707],"iteration":628,"passed_time":5.082454713,"remaining_time":1.381716623},
{"learn":[0.4430938416],"iteration":629,"passed_time":5.089723393,"remaining_time":1.373417424},
{"learn":[0.4430813293],"iteration":630,"passed_time":5.097159028,"remaining_time":1.365166206},
{"learn":[0.4430736084],"iteration":631,"passed_time":5.10495566,"remaining_time":1.35701353},
{"learn":[0.4430626526],"iteration":632,"passed_time":5.112214552,"remaining_time":1.348720111},
{"learn":[0.4430481567],"iteration":633,"passed_time":5.11940422,"remaining_time":1.340411831},
{"learn":[0.4430378723],"iteration":634,"passed_time":5.127153015,"remaining_time":1.332252358},
{"learn":[0.4430258179],"iteration":635,"passed_time":5.1345709,"remaining_time":1.324008849},
{"learn":[0.4430135193],"iteration":636,"passed_time":5.141926667,"remaining_time":1.315752036},
{"learn":[0.4430023499],"iteration":637,"passed_time":5.150284812,"remaining_time":1.30775257},
{"learn":[0.4429898987],"iteration":638,"passed_time":5.158644932,"remaining_time":1.299752479},
{"learn":[0.4429761658],"iteration":639,"passed_time":5.166682131,"remaining_time":1.291670533},
{"learn":[0.4429628601],"iteration":640,"passed_time":5.174540485,"remaining_time":1.283544364},
{"learn":[0.4429523926],"iteration":641,"passed_time":5.183302255,"remaining_time":1.275641365},
{"learn":[0.4429405212],"iteration":642,"passed_time":5.191071517,"remaining_time":1.267493356},
{"learn":[0.442925354],"iteration":643,"passed_time":5.198496118,"remaining_time":1.259263035},
{"learn":[0.4429165649],"iteration":644,"passed_time":5.20667227,"remaining_time":1.251215817},
{"learn":[0.442907074],"iteration":645,"passed_time":5.214267949,"remaining_time":1.243029821},
{"learn":[0.4428948059],"iteration":646,"passed_time":5.221889859,"remaining_time":1.234851852},
{"learn":[0.4428826904],"iteration":647,"passed_time":5.230270623,"remaining_time":1.226853603},
{"learn":[0.4428710632],"iteration":648,"passed_time":5.238133416,"remaining_time":1.218733661},
{"learn":[0.4428570557],"iteration":649,"passed_time":5.245031017,"remaining_time":1.210391773},
{"learn":[0.4428468323],"iteration":650,"passed_time":5.252191695,"remaining_time":1.202114535},
{"learn":[0.4428381653],"iteration":651,"passed_time":5.259824952,"remaining_time":1.193947995},
{"learn":[0.4428282471],"iteration":652,"passed_time":5.266892407,"remaining_time":1.185655718},
{"learn":[0.4428165588],"iteration":653,"passed_time":5.274085055,"remaining_time":1.177395135},
{"learn":[0.4427995605],"iteration":654,"passed_time":5.281407289,"remaining_time":1.169166499},
{"learn":[0.4427878113],"iteration":655,"passed_time":5.288931369,"remaining_time":1.160984935},
{"learn":[0.4427747803],"iteration":656,"passed_time":5.295907946,"remaining_time":1.152686204},
{"learn":[0.4427637024],"iteration":657,"passed_time":5.303266453,"remaining_time":1.144473915},
{"learn":[0.4427528687],"iteration":658,"passed_time":5.310413911,"remaining_time":1.136219061},
{"learn":[0.4427419434],"iteration":659,"passed_time":5.317991657,"remaining_time":1.128058836},
{"learn":[0.4427262573],"iteration":660,"passed_time":5.32551843,"remaining_time":1.119889655},
{"learn":[0.4427129211],"iteration":661,"passed_time":5.333272039,"remaining_time":1.1117697},
{"learn":[0.442701355],"iteration":662,"passed_time":5.340187353,"remaining_time":1.103477628},
{"learn":[0.442692749],"iteration":663,"passed_time":5.347100821,"remaining_time":1.095189325},
{"learn":[0.4426826172],"iteration":664,"passed_time":5.355568615,"remaining_time":1.087220696},
{"learn":[0.4426662903],"iteration":665,"passed_time":5.363022885,"remaining_time":1.079046647},
{"learn":[0.442650116],"iteration":666,"passed_time":5.369807502,"remaining_time":1.070741226},
{"learn":[0.4426375122],"iteration":667,"passed_time":5.379160801,"remaining_time":1.062947943},
{"learn":[0.4426271362],"iteration":668,"passed_time":5.387922749,"remaining_time":1.0550342},
{"learn":[0.4426165161],"iteration":669,"passed_time":5.395720458,"remaining_time":1.046930835},
{"learn":[0.4426072388],"iteration":670,"passed_time":5.403100276,"remaining_time":1.038748041},
{"learn":[0.4425963745],"iteration":671,"passed_time":5.410627887,"remaining_time":1.030595788},
{"learn":[0.4425858154],"iteration":672,"passed_time":5.418033227,"remaining_time":1.022422318},
{"learn":[0.4425715027],"iteration":673,"passed_time":5.426131457,"remaining_time":1.014380658},
{"learn":[0.4425638123],"iteration":674,"passed_time":5.433095158,"remaining_time":1.006128733},
{"learn":[0.4425534363],"iteration":675,"passed_time":5.440101325,"remaining_time":0.9978884088},
{"learn":[0.4425401611],"iteration":676,"passed_time":5.447672156,"remaining_time":0.9897543207},
{"learn":[0.4425256653],"iteration":677,"passed_time":5.456432491,"remaining_time":0.9818359349},
{"learn":[0.44251651],"iteration":678,"passed_time":5.464622829,"remaining_time":0.9738134939},
{"learn":[0.4424992676],"iteration":679,"passed_time":5.471956816,"remaining_time":0.9656394381},
{"learn":[0.4424902649],"iteration":680,"passed_time":5.480001316,"remaining_time":0.9575920067},
{"learn":[0.4424789734],"iteration":681,"passed_time":5.487919029,"remaining_time":0.9495226472},
{"learn":[0.4424679565],"iteration":682,"passed_time":5.495474181,"remaining_time":0.9413916239},
{"learn":[0.4424577026],"iteration":683,"passed_time":5.502635793,"remaining_time":0.9331955438},
{"learn":[0.4424489746],"iteration":684,"passed_time":5.510244165,"remaining_time":0.9250774876},
{"learn":[0.4424343262],"iteration":685,"passed_time":5.517866298,"remaining_time":0.9169632041},
{"learn":[0.442425415],"iteration":686,"passed_time":5.525480204,"remaining_time":0.9088490001},
{"learn":[0.4424126282],"iteration":687,"passed_time":5.533329563,"remaining_time":0.9007745801},
{"learn":[0.4424010925],"iteration":688,"passed_time":5.541295821,"remaining_time":0.892719646},
{"learn":[0.4423882446],"iteration":689,"passed_time":5.549061336,"remaining_time":0.8846329666},
{"learn":[0.4423807983],"iteration":690,"passed_time":5.556797371,"remaining_time":0.8765425665},
{"learn":[0.442368866],"iteration":691,"passed_time":5.564719862,"remaining_time":0.8684822906},
{"learn":[0.4423573914],"iteration":692,"passed_time":5.572936154,"remaining_time":0.8604677755},
{"learn":[0.4423468323],"iteration":693,"passed_time":5.580868849,"remaining_time":0.8524093631},
{"learn":[0.4423306274],"iteration":694,"passed_time":5.588344589,"remaining_time":0.8442822761},
{"learn":[0.4423216858],"iteration":695,"passed_time":5.59641295,"remaining_time":0.8362456132},
{"learn":[0.4423127441],"iteration":696,"passed_time":5.605047503,"remaining_time":0.8282925291},
{"learn":[0.442303894],"iteration":697,"passed_time":5.612410186,"remaining_time":0.8201516318},
{"learn":[0.4422901001],"iteration":698,"passed_time":5.620157307,"remaining_time":0.8120685093},
{"learn":[0.4422736511],"iteration":699,"passed_time":5.627592766,"remaining_time":0.8039418237},
{"learn":[0.4422609863],"iteration":700,"passed_time":5.635548088,"remaining_time":0.7958905288},
{"learn":[0.442250061],"iteration":701,"passed_time":5.642830081,"remaining_time":0.7877455099},
{"learn":[0.4422417603],"iteration":702,"passed_time":5.650114745,"remaining_time":0.7796033147},
{"learn":[0.4422293091],"iteration":703,"passed_time":5.657783062,"remaining_time":0.7715158721},
{"learn":[0.4422171936],"iteration":704,"passed_time":5.665241908,"remaining_time":0.7634013919},
{"learn":[0.4422052307],"iteration":705,"passed_time":5.672483552,"remaining_time":0.7552598497},
{"learn":[0.4421973572],"iteration":706,"passed_time":5.679365223,"remaining_time":0.7470735018},
{"learn":[0.4421871338],"iteration":707,"passed_time":5.686742602,"remaining_time":0.7389552534},
{"learn":[0.4421752319],"iteration":708,"passed_time":5.69461057,"remaining_time":0.7309020619},
{"learn":[0.4421638184],"iteration":709,"passed_time":5.701920522,"remaining_time":0.7227786578},
{"learn":[0.4421548767],"iteration":710,"passed_time":5.710363968,"remaining_time":0.7147994278},
{"learn":[0.4421456909],"iteration":711,"passed_time":5.717598324,"remaining_time":0.7066694557},
{"learn":[0.4421364746],"iteration":712,"passed_time":5.725477367,"remaining_time":0.6986206605},
{"learn":[0.4421212769],"iteration":713,"passed_time":5.733007385,"remaining_time":0.6905303012},
{"learn":[0.4421079102],"iteration":714,"passed_time":5.740962425,"remaining_time":0.6824920365},
{"learn":[0.4420975037],"iteration":715,"passed_time":5.748049228,"remaining_time":0.674352144},
{"learn":[0.4420856323],"iteration":716,"passed_time":5.755786811,"remaining_time":0.6662905234},
{"learn":[0.4420773926],"iteration":717,"passed_time":5.763939009,"remaining_time":0.658277157},
{"learn":[0.4420683289],"iteration":718,"passed_time":5.771104321,"remaining_time":0.6501522254},
{"learn":[0.4420562744],"iteration":719,"passed_time":5.778829496,"remaining_time":0.6420921662},
{"learn":[0.4420441284],"iteration":720,"passed_time":5.786235807,"remaining_time":0.6339980981},
{"learn":[0.4420306396],"iteration":721,"passed_time":5.793080609,"remaining_time":0.6258452735},
{"learn":[0.442019043],"iteration":722,"passed_time":5.80047927,"remaining_time":0.6177550536},
{"learn":[0.4420110779],"iteration":723,"passed_time":5.807538914,"remaining_time":0.6096311567},
{"learn":[0.4420021057],"iteration":724,"passed_time":5.815592411,"remaining_time":0.601613008},
{"learn":[0.4419945679],"iteration":725,"passed_time":5.822567165,"remaining_time":0.5934848075},
{"learn":[0.441981842],"iteration":726,"passed_time":5.829775004,"remaining_time":0.5853831847},
{"learn":[0.4419672241],"iteration":727,"passed_time":5.837283561,"remaining_time":0.5773137588},
{"learn":[0.4419573975],"iteration":728,"passed_time":5.845035585,"remaining_time":0.5692695838},
{"learn":[0.4419494934],"iteration":729,"passed_time":5.852120507,"remaining_time":0.5611622404},
{"learn":[0.4419381409],"iteration":730,"passed_time":5.859683567,"remaining_time":0.5531028265},
{"learn":[0.4419258423],"iteration":731,"passed_time":5.866774244,"remaining_time":0.545000886},
{"learn":[0.4419172668],"iteration":732,"passed_time":5.874442445,"remaining_time":0.5369544936},
{"learn":[0.4419071045],"iteration":733,"passed_time":5.881596253,"remaining_time":0.5288628783},
{"learn":[0.4418957214],"iteration":734,"passed_time":5.890643249,"remaining_time":0.5209412397},
{"learn":[0.4418849487],"iteration":735,"passed_time":5.898723927,"remaining_time":0.5129325154},
{"learn":[0.441875],"iteration":736,"passed_time":5.907320201,"remaining_time":0.5049676698},
{"learn":[0.4418665466],"iteration":737,"passed_time":5.917441738,"remaining_time":0.4971292517},
{"learn":[0.4418539734],"iteration":738,"passed_time":5.927538396,"remaining_time":0.489282601},
{"learn":[0.4418445129],"iteration":739,"passed_time":5.9356503,"remaining_time":0.4812689432},
{"learn":[0.4418296814],"iteration":740,"passed_time":5.942934462,"remaining_time":0.4731891137},
{"learn":[0.4418181458],"iteration":741,"passed_time":5.950470856,"remaining_time":0.4651311451},
{"learn":[0.4418034363],"iteration":742,"passed_time":5.9578254,"remaining_time":0.4570606296},
{"learn":[0.441789093],"iteration":743,"passed_time":5.965098983,"remaining_time":0.4489859449},
{"learn":[0.4417728577],"iteration":744,"passed_time":5.971913563,"remaining_time":0.4408795248},
{"learn":[0.4417646484],"iteration":745,"passed_time":5.979170586,"remaining_time":0.4328085947},
{"learn":[0.4417542725],"iteration":746,"passed_time":5.986827479,"remaining_time":0.4247682147},
{"learn":[0.4417453613],"iteration":747,"passed_time":5.994309522,"remaining_time":0.4167167048},
{"learn":[0.4417338867],"iteration":748,"passed_time":6.001778273,"remaining_time":0.4086658103},
{"learn":[0.4417231445],"iteration":749,"passed_time":6.009039066,"remaining_time":0.4006026044},
{"learn":[0.4417136841],"iteration":750,"passed_time":6.016114836,"remaining_time":0.3925294633},
{"learn":[0.4417025452],"iteration":751,"passed_time":6.023456326,"remaining_time":0.3844759357},
{"learn":[0.4416906128],"iteration":752,"passed_time":6.031368352,"remaining_time":0.3764599104},
{"learn":[0.4416812439],"iteration":753,"passed_time":6.038942755,"remaining_time":0.3684235633},
{"learn":[0.4416688232],"iteration":754,"passed_time":6.047293154,"remaining_time":0.3604346913},
{"learn":[0.441658844],"iteration":755,"passed_time":6.054227255,"remaining_time":0.3523624328},
{"learn":[0.4416497498],"iteration":756,"passed_time":6.062824439,"remaining_time":0.3443876498},
{"learn":[0.4416425476],"iteration":757,"passed_time":6.072732611,"remaining_time":0.336483865},
{"learn":[0.4416346741],"iteration":758,"passed_time":6.079761456,"remaining_time":0.3284192618},
{"learn":[0.4416236572],"iteration":759,"passed_time":6.086533899,"remaining_time":0.3203438894},
{"learn":[0.4416123962],"iteration":760,"passed_time":6.094879021,"remaining_time":0.3123525385},
{"learn":[0.441600647],"iteration":761,"passed_time":6.102116233,"remaining_time":0.304305009},
{"learn":[0.4415779114],"iteration":762,"passed_time":6.109153247,"remaining_time":0.2962498953},
{"learn":[0.4415683594],"iteration":763,"passed_time":6.117123028,"remaining_time":0.2882413992},
{"learn":[0.4415561829],"iteration":764,"passed_time":6.124557065,"remaining_time":0.2802084932},
{"learn":[0.441545105],"iteration":765,"passed_time":6.131840896,"remaining_time":0.2721704836},
{"learn":[0.4415342407],"iteration":766,"passed_time":6.139938477,"remaining_time":0.2641694521},
{"learn":[0.4415210571],"iteration":767,"passed_time":6.147704528,"remaining_time":0.2561543553},
{"learn":[0.4415092773],"iteration":768,"passed_time":6.155233673,"remaining_time":0.2481303561},
{"learn":[0.4414994507],"iteration":769,"passed_time":6.162705289,"remaining_time":0.2401054009},
{"learn":[0.441486908],"iteration":770,"passed_time":6.16995733,"remaining_time":0.232073622},
{"learn":[0.4414779053],"iteration":771,"passed_time":6.17703531,"remaining_time":0.2240375501},
{"learn":[0.4414692383],"iteration":772,"passed_time":6.184360242,"remaining_time":0.2160125828},
{"learn":[0.4414529114],"iteration":773,"passed_time":6.191505793,"remaining_time":0.2079833987},
{"learn":[0.4414453125],"iteration":774,"passed_time":6.19905267,"remaining_time":0.199969441},
{"learn":[0.4414359741],"iteration":775,"passed_time":6.2062714,"remaining_time":0.1919465381},
{"learn":[0.4414252014],"iteration":776,"passed_time":6.2140071,"remaining_time":0.1839410081},
{"learn":[0.4414143066],"iteration":777,"passed_time":6.222928616,"remaining_time":0.1759697038},
{"learn":[0.4414030762],"iteration":778,"passed_time":6.23371498,"remaining_time":0.1680462318},
{"learn":[0.4413925781],"iteration":779,"passed_time":6.245283006,"remaining_time":0.1601354617},
{"learn":[0.4413779602],"iteration":780,"passed_time":6.253787969,"remaining_time":0.1521408085},
{"learn":[0.4413699341],"iteration":781,"passed_time":6.264800714,"remaining_time":0.144202574},
{"learn":[0.4413571472],"iteration":782,"passed_time":6.27470293,"remaining_time":0.1362323752},
{"learn":[0.4413450928],"iteration":783,"passed_time":6.283651575,"remaining_time":0.1282377872},
{"learn":[0.4413352661],"iteration":784,"passed_time":6.294326814,"remaining_time":0.1202737608},
{"learn":[0.4413262939],"iteration":785,"passed_time":6.305898909,"remaining_time":0.1123188101},
{"learn":[0.4413143005],"iteration":786,"passed_time":6.315384008,"remaining_time":0.1043201933},
{"learn":[0.4413042297],"iteration":787,"passed_time":6.32611697,"remaining_time":0.09633680665},
{"learn":[0.4412971497],"iteration":788,"passed_time":6.336933672,"remaining_time":0.08834761773},
{"learn":[0.4412861023],"iteration":789,"passed_time":6.346782701,"remaining_time":0.08033902153},
{"learn":[0.4412753296],"iteration":790,"passed_time":6.356953587,"remaining_time":0.07232943399},
{"learn":[0.441265564],"iteration":791,"passed_time":6.365675724,"remaining_time":0.06429975479},
{"learn":[0.441252655],"iteration":792,"passed_time":6.375509131,"remaining_time":0.05627813861},
{"learn":[0.441243103],"iteration":793,"passed_time":6.387039101,"remaining_time":0.0482647791},
{"learn":[0.4412311401],"iteration":794,"passed_time":6.395765744,"remaining_time":0.04022494179},
{"learn":[0.4412210693],"iteration":795,"passed_time":6.405975775,"remaining_time":0.03219083304},
{"learn":[0.4412111511],"iteration":796,"passed_time":6.414064416,"remaining_time":0.02414327886},
{"learn":[0.4412001038],"iteration":797,"passed_time":6.422913044,"remaining_time":0.01609752643},
{"learn":[0.4411894836],"iteration":798,"passed_time":6.432497049,"remaining_time":0.008050684667},
{"learn":[0.4411817017],"iteration":799,"passed_time":6.44304318,"remaining_time":0}
]}